{"users":[{"_id":{"$oid":"5c4f10c572ab1a89624336cb"},"email":"luismp.guimaraes1997@gmail.com","password":"$2a$10$r4FxTGhoSTdNUuiAwqzzLe9LjMYHpzdo04uT4OuMWsBUit2VmWZpS","name":"Luís Guimarães","birth":"1111-11-11","cellPhone":"958248909","city":"Vilar da Veiga","district":"Braga","nationality":"Portugal","picture":"/users/user5c4f10c572ab1a89624336cb.png","rating":"0","__v":0}],"bikes":[{"_id":{"$oid":"5c4f10de72ab1a89624336cc"},"make":"BMW","model":"all","year":1950,"month":"January","cylinderCapacity":1000,"power":1000,"kilometers":1000,"condition":"1000","__v":0}],"posts":[{"_id":{"$oid":"5c4f10de72ab1a89624336cd"},"likes":0,"dislikes":0,"state":"Active","opinions":[],"bike":{"$oid":"5c4f10de72ab1a89624336cc"},"user":{"$oid":"5c4f10c572ab1a89624336cb"},"picture":"/posts/post5c4f10de72ab1a89624336cd.png","postDate":"2019-1-28 14:25:34","__v":0}]}