{"users":[{"_id":"5c4c70c5574aa467025b1a46","email":"luismp.guimaraes1997@gmail.com","password":"123","name":"Luís Guimarães","birth":"1997-08-18","cellPhone":"964148838","city":"Braga","district":"Braga","nationality":"Portugal","picture":"/users/user5c4c70c5574aa467025b1a46","rating":"0","__v":0}],"posts":[{"likes":0,"dislikes":0,"state":"Active","_id":"5c4c9b9144d8ab69029ee536","opinions":[{"_id":"5c4d8db2c1d5e77223b67c4b","user":"5c4d8bc4dc9cfe71ef2d4824","text":"Ganda galo!"},{"_id":"5c4d8e84a9fac67231b1c9b4","user":"5c4d8bc4dc9cfe71ef2d4824","text":"Mesmo ganda galo."},{"_id":"5c4d8ea2a9fac67231b1c9b5","user":"5c4c70c5574aa467025b1a46","text":"Obrigado amigos! "},{"_id":"5c4d9f5e06c01473b93e72c8","user":"5c4c70c5574aa467025b1a46","text":"ola"},{"_id":"5c4da28881b13173d9ca2428","user":"5c4c70c5574aa467025b1a46","text":"Funca?"},{"_id":"5c4da2b610c35f73dcdee232","user":"5c4c70c5574aa467025b1a46","text":"já ?"},{"_id":"5c4dd568d8e40776b0e3321a","user":"5c4c70c5574aa467025b1a46","text":"Ganda galo"},{"_id":"5c4dd5ead8e40776b0e3321b","user":"5c4c70c5574aa467025b1a46","text":"bonito"},{"_id":"5c4dd61752191f76c0ebd62b","user":"5c4c70c5574aa467025b1a46","text":"Lindo!"},{"_id":"5c4dd6597ad6e976c7774a55","user":"5c4c70c5574aa467025b1a46","text":"???"},{"_id":"5c4dd6684a901176c95a2210","user":"5c4c70c5574aa467025b1a46","text":"halo"},{"_id":"5c4dd676aa08d376cbe54776","user":"5c4c70c5574aa467025b1a46","text":"ola"},{"_id":"5c4dd6bf509de276d101012d","user":"5c4c70c5574aa467025b1a46","text":"lkl"},{"_id":"5c4dd736aedddc76d67376b9","user":"5c4c70c5574aa467025b1a46","text":"hmmmm"},{"_id":"5c4dd7a7046ffe76e0022c23","user":"5c4c70c5574aa467025b1a46","text":"Ganga galo"},{"_id":"5c4ddc047d56b2777169c14a","user":"5c4c70c5574aa467025b1a46","text":"gamls\n"},{"_id":"5c4ddc65f8fe5777feb6aa8f","user":"5c4c70c5574aa467025b1a46","text":"ola"},{"_id":"5c4ddc7dcd8c297802cb2c71","user":"5c4c70c5574aa467025b1a46","text":"ol"},{"_id":"5c4ddc999cc04a7805339db3","user":"5c4c70c5574aa467025b1a46","text":"??"},{"_id":"5c4ddcbb929c44780fe9778d","user":"5c4c70c5574aa467025b1a46","text":"...."},{"_id":"5c4ddcc6929c44780fe9778e","user":"5c4c70c5574aa467025b1a46","text":"lk"},{"_id":"5c4ddd2612a90978228334d6","user":"5c4c70c5574aa467025b1a46","text":"lk"},{"_id":"5c4ddd5e6d09977825a6afe0","user":"5c4c70c5574aa467025b1a46","text":"lk"},{"_id":"5c4ddd8aed368378283e926a","user":"5c4c70c5574aa467025b1a46","text":"lk"},{"_id":"5c4dde139d08df782d4f35f7","user":"5c4c70c5574aa467025b1a46","text":"w5"},{"_id":"5c4dde4075a865783552f838","user":"5c4c70c5574aa467025b1a46","text":"26"},{"_id":"5c4ddec36d216e783d9b279c","user":"5c4c70c5574aa467025b1a46","text":"27"},{"_id":"5c4dded96d216e783d9b279d","user":"5c4c70c5574aa467025b1a46","text":"alskd"},{"_id":"5c4ddf3468f0b0784004f0c2","user":"5c4c70c5574aa467025b1a46","text":"eu"},{"_id":"5c4ddfd369310b784ba04f31","user":"5c4c70c5574aa467025b1a46","text":"hmmm"},{"_id":"5c4ddffff1eca7784e9d5480","user":"5c4c70c5574aa467025b1a46","text":"agora?"},{"_id":"5c4de04116cc8a7851fbe922","user":"5c4c70c5574aa467025b1a46","text":"agora memso ?"},{"_id":"5c4de05316cc8a7851fbe923","user":"5c4c70c5574aa467025b1a46","text":"aqui também ?"}],"bike":"5c4c9b9144d8ab69029ee535","user":"5c4c70c5574aa467025b1a46","picture":"/posts/post5c4c9b9144d8ab69029ee536","postDate":"Sat Jan 26 2019 17:40:33 GMT+0000 (WET)","__v":0}],"bikes":[{"_id":"5c4c9b9144d8ab69029ee535","make":"Beta","model":"Gara","year":1950,"month":"January","cylinderCapacity":900,"power":900,"kilometers":900,"condition":"GOOD","__v":0}]}